Артикул;Свободный остаток;Оптовая
rack/1;305;344;
21/013-CJ;3;7128;
41/001-CJ;15;9254;
41/002-CJ;11;9254;
41/003-CJ;12;9254;
41/004-CJ;8;9254;
41/005-CJ;13;9254;
41/006-CJ;9;9254;
41/007-CJ;13;9254;
41/008-CJ;13;9254;
41/009-CJ;7;9254;
41/010-CJ;12;9254;
41/011-CJ;2;9254;
41/012-CJ;6;9254;
41/017-CJ;2;9254;
41/018-CJ;3;9254;
41/022-CJ;1;9254;
31/001-CJ;16;7417;
31/002-CJ;17;7417;
31/003-CJ;4;7417;
31/004-CJ;9;7417;
31/005-CJ;11;7417;
31/006-CJ;10;7417;
31/008-CJ;8;7417;
31/011-CJ;4;7417;
31/012-CJ;6;7417;
31/013-CJ;29;7417;
31/014-CJ;23;7417;
31/015-CJ;16;7417;
31/016-CJ;11;7417;
31/017-CJ;6;7417;
31/018-CJ;14;7417;
31/022-CJ;7;7417;
31/001-OC;49;9696;
31/002-OC;47;9696;
31/003-OC;39;9696;
31/004-OC;39;9696;
31/005-OC;49;9696;
31/006-OC;63;9696;
41/001-RG;1;9498;
41/008-RG;1;9498;
41/013-RG;5;9498;
41/014-RG;2;9498;
41/023-RG;8;9498;
41/025-RG;1;9498;
41/028-RG;17;9498;
21/091-SG;3;6614;
21/107-SG;2;6614;
21/124-SG;4;6614;
21/125-SG;1;6614;
41/092-SG;23;8460;
41/111-SG;1;8460;
41/124-SG;1;8460;
41/126-SG;28;8460;
41/129-SG;23;8460;
41/137-SG;10;8460;
41/138-SG;1;8460;
41/139-SG;36;8460;
41/145-SG;19;8460;
31/091-SG;1;6994;
31/092-SG;2;6994;
31/107-SG;1;6994;
31/111-SG;2;6994;
21/023-SC;1;8324;
21/026-SC;18;8324;
41/013-SC;4;10655;
41/021-SC;8;10655;
41/022-SC;15;10655;
41/023-SC;3;10655;
41/025-SC;5;10655;
41/026-SC;43;10655;
41/027-SC;31;10655;
31/021-SC;13;8823;
31/022-SC;63;8823;
31/023-SC;48;8823;
31/024-SC;8;8823;
31/025-SC;10;8823;
31/026-SC;167;8823;
31/027-SC;138;8823;
31/013-TJ;1;4929;
21/011-CM;100;4236;
21/012-CM;200;4236;
21/013-CM;100;4236;
21/014-CM;100;4236;
21/015-CM;200;4236;
21/016-CM;150;4236;
21/017-CM;150;4236;
21/018-CM;150;4236;
21/019-CM;200;4236;
21/020-CM;150;4236;
41/011-CM;100;5437;
41/012-CM;100;5437;
41/013-CM;50;5437;
41/014-CM;100;5437;
41/015-CM;150;5437;
41/016-CM;150;5437;
41/017-CM;150;5437;
41/018-CM;100;5437;
41/019-CM;100;5437;
41/020-CM;100;5437;
31/011-CM;100;4535;
31/012-CM;200;4535;
31/013-CM;100;4535;
31/014-CM;100;4535;
31/015-CM;200;4535;
31/016-CM;150;4535;
31/017-CM;150;4535;
31/018-CM;150;4535;
31/019-CM;200;4535;
31/020-CM;150;4535;
15/006-CM;1;4187;
15/011-CM;150;4187;
15/012-CM;100;4187;
15/013-CM;50;4187;
15/014-CM;100;4187;
15/015-CM;100;4187;
15/016-CM;100;4187;
15/017-CM;100;4187;
15/018-CM;100;4187;
15/019-CM;120;4187;
15/020-CM;80;4187;
20/026-AC;118;1320;
20/027-AC;1;1320;
20/029-AC;1;1320;
20/030-AC;5;1320;
20/032-AC;14;1320;
20/034-AC;64;1320;
20/035-AC;5;1320;
20/036-AC;23;1320;
20/037-AC;43;1320;
20/040-AC;17;1320;
20/042-AC;11;1320;
20/044-AC;48;1320;
20/045-AC;17;1320;
20/047-AC;4;1320;
20/048-AC;2;1320;
20/049-AC;1;1320;
20/051-AC;2;1320;
20/054-AC;10;1320;
20/056-AC;26;1320;
20/058-AC;7;1320;
20/062-AC;5;1320;
20/063-AC;6;1320;
20/065-AC;25;1320;
20/070-AC;19;1320;
20/071-AC;25;1320;
20/074-AC;20;1320;
20/075-AC;30;1320;
20/076-AC;20;1320;
20/077-AC;5;1320;
20/078-AC;5;1320;
20/079-AC;22;1320;
20/082-AC;24;1320;
20/083-AC;19;1320;
20/084-AC;26;1320;
20/085-AC;20;1320;
20/089-AC;31;1320;
20/090-AC;38;1320;
20/092-AC;53;1320;
20/094-AC;2;1320;
20/095-AC;59;1320;
20/097-AC;26;1320;
20/100-AC;130;875;
20/101-AC;38;875;
20/254-AC;1;1320;
20/264-AC;18;1320;
20/275-AC;17;1320;
20/277-AC;35;1320;
41/026-AC;44;2010;
41/027-AC;1;2010;
41/031-AC;2;2010;
41/032-AC;7;2010;
41/034-AC;35;2010;
41/035-AC;30;2010;
41/036-AC;4;2010;
41/037-AC;23;2010;
41/040-AC;8;2010;
41/041-AC;2;2010;
41/042-AC;6;2010;
41/044-AC;73;2010;
41/046-AC;5;2010;
41/047-AC;29;2010;
41/048-AC;3;2010;
41/049-AC;2;2010;
41/050-AC;4;2010;
41/051-AC;1;2010;
41/052-AC;1;2010;
41/053-AC;4;2010;
41/054-AC;3;2010;
41/055-AC;17;2010;
41/056-AC;8;2010;
41/058-AC;3;2010;
41/062-AC;7;2010;
41/063-AC;2;2010;
41/064-AC;1;2010;
41/065-AC;2;2010;
41/067-AC;2;2010;
41/070-AC;22;2010;
41/071-AC;22;2010;
41/074-AC;20;2010;
41/075-AC;2;2010;
41/078-AC;5;2010;
41/079-AC;5;2010;
41/080-AC;1;2010;
41/081-AC;2;2010;
41/082-AC;4;2010;
41/083-AC;1;2010;
41/084-AC;24;2010;
41/085-AC;21;2010;
41/086-AC;3;2010;
41/089-AC;19;2010;
41/091-AC;1;2010;
41/092-AC;16;2010;
41/094-AC;13;2010;
41/095-AC;15;2010;
41/097-AC;5;2010;
41/100-AC;19;1325;
41/101-AC;3;1325;
41/254-AC;1;2010;
41/277-AC;5;2010;
41/278-AC;1;2010;
31/026-AC;49;1664;
31/030-AC;4;1664;
31/031-AC;1;1664;
31/032-AC;15;1664;
31/034-AC;38;1664;
31/035-AC;42;1664;
31/036-AC;30;1664;
31/037-AC;27;1664;
31/042-AC;6;1664;
31/043-AC;21;1664;
31/044-AC;97;1664;
31/046-AC;1;1664;
31/047-AC;60;1664;
31/048-AC;44;1664;
31/050-AC;10;1664;
31/054-AC;5;1664;
31/055-AC;23;1664;
31/056-AC;30;1664;
31/058-AC;8;1664;
31/062-AC;15;1664;
31/063-AC;17;1664;
31/065-AC;26;1664;
31/067-AC;2;1664;
31/069-AC;10;1664;
31/070-AC;25;1664;
31/071-AC;33;1664;
31/073-AC;6;1664;
31/074-AC;29;1664;
31/075-AC;32;1664;
31/076-AC;28;1664;
31/077-AC;22;1664;
31/078-AC;16;1664;
31/079-AC;52;1664;
31/082-AC;41;1664;
31/083-AC;29;1664;
31/084-AC;36;1664;
31/085-AC;40;1664;
31/086-AC;4;1664;
31/089-AC;21;1664;
31/090-AC;42;1664;
31/092-AC;31;1664;
31/094-AC;38;1664;
31/095-AC;50;1664;
31/097-AC;39;1664;
31/099-AC;1;1100;
31/100-AC;93;1100;
31/101-AC;63;1100;
31/261-AC;2;1664;
31/264-AC;23;1664;
31/275-AC;27;1664;
31/277-AC;25;1664;
15/026-AC;114;1128;
15/029-AC;1;1128;
15/030-AC;4;1128;
15/032-AC;22;1128;
15/034-AC;67;1128;
15/035-AC;1;1128;
15/036-AC;24;1128;
15/037-AC;12;1128;
15/040-AC;22;1128;
15/042-AC;8;1128;
15/043-AC;1;1128;
15/044-AC;76;1128;
15/045-AC;16;1128;
15/047-AC;5;1128;
15/048-AC;18;1128;
15/051-AC;61;1128;
15/054-AC;7;1128;
15/056-AC;53;1128;
15/057-AC;1;1128;
15/062-AC;6;1128;
15/063-AC;6;1128;
15/065-AC;26;1128;
15/070-AC;20;1128;
15/071-AC;40;1128;
15/074-AC;20;1128;
15/075-AC;28;1128;
15/076-AC;37;1128;
15/078-AC;4;1128;
15/079-AC;34;1128;
15/082-AC;22;1128;
15/083-AC;20;1128;
15/084-AC;24;1128;
15/085-AC;25;1128;
15/089-AC;31;1128;
15/090-AC;39;1128;
15/092-AC;57;1128;
15/094-AC;4;1128;
15/095-AC;86;1128;
15/097-AC;25;1128;
15/099-AC;1;750;
15/100-AC;104;750;
15/101-AC;84;750;
15/264-AC;38;1128;
15/275-AC;17;1128;
15/277-AC;35;1128;
15/278-AC;4;1128;
20/155-PC;32;2801;
20/165-PC;1;2801;
20/167-PC;1;2801;
20/173-PC;4;2801;
20/176-PC;63;2801;
20/177-PC;116;2801;
20/178-PC;137;2801;
20/179-PC;86;2801;
20/180-PC;1;2801;
20/182-PC;22;2801;
20/183-PC;40;2801;
20/184-PC;162;2801;
20/185-PC;4;2801;
20/187-PC;3;2801;
20/190-PC;58;2801;
20/191-PC;27;2801;
20/192-PC;17;2801;
20/193-PC;4;2801;
20/196-PC;43;2801;
20/197-PC;58;2801;
20/198-PC;46;2801;
20/199-PC;75;2801;
20/200-PC;57;2801;
20/201-PC;96;2801;
20/202-PC;52;2801;
20/203-PC;3;2801;
20/204-PC;57;2801;
20/205-PC;1;2801;
20/207-PC;1;2801;
20/208-PC;10;2801;
20/209-PC;80;2801;
20/210-PC;50;2801;
41/049-PC;1;4244;
41/138-PC;1;4244;
41/144-PC;1;4244;
41/155-PC;73;4244;
41/161-PC;34;4244;
41/165-PC;13;4244;
41/166-PC;6;4244;
41/167-PC;1;4244;
41/173-PC;14;4244;
41/174-PC;4;4244;
41/176-PC;42;4244;
41/177-PC;113;4244;
41/178-PC;134;4244;
41/179-PC;153;4244;
41/181-PC;24;4244;
41/183-PC;42;4244;
41/184-PC;174;4244;
41/185-PC;8;4244;
41/186-PC;31;4244;
41/187-PC;45;4244;
41/188-PC;76;4244;
41/189-PC;2;4244;
41/190-PC;13;4244;
41/191-PC;25;4244;
41/192-PC;13;4244;
41/193-PC;17;4244;
41/194-PC;1;4244;
41/196-PC;20;4244;
41/197-PC;22;4244;
41/198-PC;30;4244;
41/199-PC;45;4244;
41/200-PC;31;4244;
41/201-PC;26;4244;
41/202-PC;19;4244;
41/203-PC;21;4244;
41/204-PC;20;4244;
41/205-PC;18;4244;
41/206-PC;22;4244;
41/207-PC;3;4244;
41/208-PC;5;4244;
41/209-PC;6;4244;
41/210-PC;22;4244;
40/148-PC;9;2383;
40/153-PC;3;2383;
31/116-PC;11;4244;
31/155-PC;95;4244;
31/160-PC;1;4244;
31/161-PC;37;4244;
31/165-PC;15;4244;
31/166-PC;10;4244;
31/167-PC;2;4244;
31/173-PC;37;4244;
31/176-PC;63;4244;
31/177-PC;160;4244;
31/178-PC;126;4244;
31/179-PC;99;4244;
31/181-PC;57;4244;
31/182-PC;42;4244;
31/183-PC;31;4244;
31/184-PC;181;4244;
31/185-PC;30;4244;
31/186-PC;1;4244;
31/187-PC;6;4244;
31/188-PC;12;4244;
31/190-PC;48;4244;
31/191-PC;10;4244;
31/192-PC;18;4244;
31/193-PC;13;4244;
31/196-PC;50;4244;
31/197-PC;75;4244;
31/198-PC;73;4244;
31/199-PC;94;4244;
31/200-PC;80;4244;
31/201-PC;101;4244;
31/202-PC;62;4244;
31/203-PC;52;4244;
31/204-PC;67;4244;
31/205-PC;60;4244;
31/206-PC;51;4244;
31/207-PC;5;4244;
31/208-PC;18;4244;
31/209-PC;48;4244;
31/210-PC;57;4244;
30/148-PC;3;1937;
15/108-PC;4;2374;
15/113-PC;1;2374;
15/122(2)-PC;1;1100;
15/155-PC;3;2374;
15/161-PC;4;2374;
15/165-PC;4;2374;
15/166-PC;18;2374;
15/167-PC;1;2374;
15/176-PC;61;2374;
15/177-PC;138;2374;
15/178-PC;105;2374;
15/179-PC;54;2374;
15/181-PC;41;2374;
15/182-PC;32;2374;
15/183-PC;65;2374;
15/184-PC;94;2374;
15/185-PC;16;2374;
15/186-PC;12;2374;
15/187-PC;45;2374;
15/188-PC;6;2374;
15/190-PC;66;2374;
15/191-PC;68;2374;
15/192-PC;12;2374;
15/193-PC;30;2374;
15/196-PC;49;2374;
15/197-PC;73;2374;
15/198-PC;88;2374;
15/199-PC;80;2374;
15/200-PC;83;2374;
15/201-PC;102;2374;
15/202-PC;49;2374;
15/203-PC;2;2374;
15/204-PC;62;2374;
15/205-PC;14;2374;
15/206-PC;57;2374;
15/207-PC;15;2374;
15/208-PC;29;2374;
15/209-PC;82;2374;
15/210-PC;62;2374;
41/002-LE;1;8110;
41/007-LE;1;8110;
41/009-LE;1;8110;
31/001-LE;1;6639;
31/003-LE;25;6639;
31/009-LE;1;6639;
31/011-LE;1;6639;
15/005-SS;1;2375;
20/693-SK;57;4666;
20/695-SK;82;4666;
20/706-SK;62;4666;
20/718-SK;71;4666;
20/776-SK;69;4666;
20/780-SK;26;4666;
20/0006-SK;45;4666;
20/0007-SK;14;4666;
20/0009-SK;33;4666;
20/0010-SK;31;4666;
20/0011-SK;29;4666;
20/0013-SK;1;4666;
20/0014-SK;32;4666;
20/0015-SK;24;4666;
20/0017-SK;77;4666;
20/0019-SK;23;4666;
20/0022-SK;32;4666;
20/0024-SK;34;4666;
20/0025-SK;13;4666;
20/561-SK;21;4666;
20/671-SK;26;4666;
20/677-SK;35;4666;
20/678-SK;1;4666;
20/679-SK;1;4666;
20/680-SK;6;4666;
20/684-SK;2;4666;
20/687-SK;34;4666;
20/694-SK;47;4666;
20/734-SK;1;4666;
20/739-SK;33;4666;
20/756-SK;26;4666;
20/757-SK;42;4666;
20/771-SK;58;4666;
20/772-SK;1;4666;
20/773-SK;24;4666;
20/774-SK;39;4666;
20/775-SK;34;4666;
20/777-SK;1;4666;
20/778-SK;32;4666;
20/779-SK;41;4666;
20/781-SK;1;4666;
20/783-SK;1;4666;
20/787-SK;37;4666;
41/561-SK;3;6769;
41/671-SK;10;6769;
41/672-SK;4;6769;
41/676-SK;2;6769;
41/679-SK;9;6769;
41/681-SK;6;6769;
41/682-SK;1;6769;
41/689-SK;1;6769;
41/690-SK;1;6769;
41/694-SK;17;6769;
41/714-SK;1;6769;
41/739-SK;13;6769;
41/742-SK;1;6769;
41/750-SK;22;6769;
41/754-SK;2;6769;
41/756-SK;1;6769;
41/757-SK;61;6769;
41/758-SK;1;6769;
41/759-SK;4;6769;
41/760-SK;6;6769;
41/770-SK;3;6769;
41/771-SK;18;6769;
41/772-SK;1;6769;
41/773-SK;16;6769;
41/774-SK;20;6769;
41/775-SK;22;6769;
41/776-SK;37;6769;
41/777-SK;2;6769;
41/778-SK;16;6769;
41/779-SK;25;6769;
41/780-SK;22;6769;
41/781-SK;1;6769;
41/783-SK;52;6769;
41/784-SK;4;6769;
41/785-SK;9;6769;
41/786-SK;6;6769;
41/787-SK;31;6769;
41/790-SK;3;6769;
41/792-SK;1;6769;
31/693-SK;62;5525;
31/695-SK;85;5525;
31/706-SK;55;5525;
31/718-SK;73;5525;
31/748-SK;10;5525;
31/561-SK;16;5525;
31/665-SK;3;5525;
31/671-SK;5;5525;
31/672-SK;15;5525;
31/679-SK;8;5525;
31/690-SK;3;5525;
31/694-SK;46;5525;
31/714-SK;1;5525;
31/717-SK;1;5525;
31/720-SK;18;5525;
31/735-SK;4;5525;
31/739-SK;152;5525;
31/740-SK;76;5525;
31/742-SK;93;5525;
31/744-SK;87;5525;
31/750-SK;77;5525;
31/754-SK;8;5525;
31/755-SK;26;5525;
31/756-SK;67;5525;
31/757-SK;84;5525;
31/758-SK;7;5525;
31/759-SK;35;5525;
31/760-SK;1;5525;
31/770-SK;55;5525;
31/771-SK;73;5525;
31/773-SK;77;5525;
31/774-SK;90;5525;
31/775-SK;98;5525;
31/776-SK;115;5525;
31/777-SK;40;5525;
31/778-SK;72;5525;
31/779-SK;95;5525;
31/780-SK;27;5525;
31/783-SK;9;5525;
31/785-SK;1;5525;
31/787-SK;45;5525;
31/791-SK;6;5525;
15/0001-SK;18;3885;
15/0003-SK;11;3885;
15/0004-SK;19;3885;
15/0005-SK;30;3885;
15/0006-SK;31;3885;
15/0007-SK;19;3885;
15/0008-SK;23;3885;
15/0009-SK;32;3885;
15/0010-SK;17;3885;
15/0011-SK;27;3885;
15/0012-SK;1;3885;
15/0013-SK;8;3885;
15/0014-SK;18;3885;
15/0015-SK;34;3885;
15/0017-SK;63;3885;
15/0018-SK;4;3885;
15/0019-SK;26;3885;
15/0020-SK;3;3885;
15/0021-SK;3;3885;
15/0022-SK;24;3885;
15/0024-SK;26;3885;
15/0025-SK;16;3885;
15/0028-SK;7;3885;
15/0030-SK;6;3885;
15/0033-SK;9;3885;
15/0034-SK;7;3885;
15/561-SK;40;3885;
15/590-SK;8;3885;
15/627-SK;2;3885;
15/657-SK;4;3885;
15/662-SK;2;3885;
15/665-SK;2;3885;
15/671-SK;33;3885;
15/672-SK;5;3885;
15/674-SK;1;3885;
15/675-SK;1;3885;
15/676-SK;3;3885;
15/677-SK;3;3885;
15/678-SK;4;3885;
15/680-SK;1;3885;
15/682-SK;2;3885;
15/684-SK;2;3885;
15/686-SK;3;3885;
15/687-SK;37;3885;
15/688-SK;1;3885;
15/690-SK;2;3885;
15/693-SK;2;3885;
15/694-SK;40;3885;
15/697-SK;1;3885;
15/698-SK;3;3885;
15/700-SK;10;3885;
15/701-SK;14;3885;
15/706-SK;47;3885;
15/718-SK;48;3885;
15/720-SK;10;3885;
15/734-SK;85;3885;
15/735-SK;29;3885;
15/739-SK;30;3885;
15/740-SK;1;3885;
15/750-SK;32;3885;
15/751-SK;22;3885;
15/752-SK;1;3885;
15/753-SK;12;3885;
15/754-SK;53;3885;
15/755-SK;38;3885;
15/756-SK;32;3885;
15/757-SK;50;3885;
15/758-SK;8;3885;
15/759-SK;3;3885;
15/760-SK;18;3885;
15/770-SK;30;3885;
15/771-SK;42;3885;
15/772-SK;17;3885;
15/773-SK;44;3885;
15/774-SK;47;3885;
15/775-SK;42;3885;
15/776-SK;58;3885;
15/777-SK;48;3885;
15/778-SK;50;3885;
15/779-SK;55;3885;
15/780-SK;40;3885;
15/781-SK;23;3885;
15/782-SK;4;3885;
15/783-SK;54;3885;
15/784-SK;2;3885;
15/785-SK;5;3885;
15/786-SK;9;3885;
15/787-SK;39;3885;
15/788-SK;12;3885;
15/790-SK;23;3885;
15/791-SK;15;3885;
15/792-SK;27;3885;
15/793-SK;17;3885;
41/0002-SK;10;6769;
41/0006-SK;20;6769;
41/0007-SK;16;6769;
41/0009-SK;16;6769;
41/0010-SK;6;6769;
41/0011-SK;18;6769;
41/0014-SK;14;6769;
41/0015-SK;2;6769;
41/0017-SK;25;6769;
41/0019-SK;11;6769;
41/0020-SK;1;6769;
41/0021-SK;1;6769;
41/0022-SK;13;6769;
41/0024-SK;17;6769;
41/0025-SK;9;6769;
41/0028-SK;1;6769;
41/0033-SK;4;6769;
31/0005-SK;1;5525;
31/0006-SK;74;5525;
31/0007-SK;64;5525;
31/0009-SK;62;5525;
31/0010-SK;16;5525;
31/0011-SK;62;5525;
31/0013-SK;1;5525;
31/0014-SK;43;5525;
31/0015-SK;21;5525;
31/0017-SK;81;5525;
31/0019-SK;22;5525;
31/0022-SK;34;5525;
31/0024-SK;39;5525;
31/0025-SK;11;5525;
31/0033-SK;1;5525;
20/506-SL;43;3230;
20/516-SL;1;3230;
20/523-SL;19;3230;
20/551-SL;7;3230;
20/559-SL;1;3230;
20/560-SL;1;3230;
20/572-SL;5;3230;
20/573-SL;21;3230;
20/580-SL;39;3230;
20/581-SL;116;3230;
20/585-SL;61;3230;
20/586-SL;28;3230;
20/624-SL;46;3230;
20/630-SL;21;3230;
20/632-SL;16;3230;
20/606-SL;1;2639;
22/021-SLL;15;4148;
22/022-SLL;20;4148;
22/025-SLL;22;4148;
22/027-SLL;33;4148;
22/031-SLL;24;3428;
22/032-SLL;17;4148;
22/033-SLL;34;4148;
22/034-SLL;4;4148;
22/591-SLL;44;4148;
22/592-SLL;92;4148;
22/593-SLL;14;4148;
22/594-SLL;24;4148;
22/595-SLL;70;4148;
22/597-SLL;50;4148;
22/598-SLL;12;4148;
22/600-SLL;25;4148;
22/601-SLL;3;4148;
22/604-SLL;7;4148;
22/605-SLL;58;4148;
22/608-SLL;65;4148;
22/609-SLL;3;4148;
22/610-SLL;10;4148;
22/611-SLL;20;4148;
22/613-SLL;7;4148;
22/615-SLL;6;4148;
22/616-SLL;16;4148;
22/619-SLL;10;4148;
22/620-SLL;40;4148;
22/622-SLL;1;4148;
22/623-SLL;26;4148;
41/490-SL;1;4893;
41/506-SL;57;4893;
41/508-SL;6;4893;
41/515-SL;1;4893;
41/516-SL;5;4893;
41/550-SL;1;4893;
41/551-SL;42;4893;
41/552-SL;1;4893;
41/553-SL;51;4893;
41/555-SL;57;4893;
41/556-SL;2;4893;
41/558-SL;3;4893;
41/559-SL;12;4893;
41/561-SL;2;4893;
41/562-SL;2;4893;
41/563-SL;4;4893;
41/564-SL;1;4893;
41/569-SL;3;4893;
41/572-SL;3;4893;
41/573-SL;6;4893;
41/574-SL;3;4893;
41/580-SL;16;4893;
41/581-SL;35;4893;
41/584-SL;3;4893;
41/585-SL;35;4893;
41/586-SL;18;4893;
41/624-SL;34;4893;
42/022-SLL;19;5521;
42/591-SLL;14;5521;
42/592-SLL;22;5521;
42/593-SLL;4;5521;
42/594-SLL;10;5521;
42/595-SLL;22;5521;
42/597-SLL;20;5521;
42/598-SLL;4;5521;
42/600-SLL;6;5521;
42/601-SLL;6;5521;
42/605-SLL;20;5521;
42/608-SLL;24;5521;
42/609-SLL;2;5521;
42/611-SLL;20;5521;
42/615-SLL;10;5521;
42/620-SLL;28;5521;
42/622-SLL;3;5521;
31/485-SL;1;4048;
31/506-SL;35;4048;
31/508-SL;7;4048;
31/553-SL;2;4048;
31/555-SL;2;4048;
31/556-SL;1;4048;
31/559-SL;40;4048;
31/561-SL;1;4048;
31/572-SL;14;4048;
31/573-SL;34;4048;
31/580-SL;40;4048;
31/581-SL;113;4048;
31/584-SL;1;4048;
31/585-SL;84;4048;
31/586-SL;33;4048;
31/588-SL;1;4048;
31/590-SL;1;4048;
31/624-SL;57;4048;
31/630-SL;27;4048;
31/632-SL;18;4048;
32/022-SLL;18;4440;
32/025-SLL;25;4440;
32/027-SLL;22;4440;
32/031-SLL;23;4440;
32/034-SLL;3;4440;
32/591-SLL;45;4440;
32/592-SLL;90;4440;
32/593-SLL;14;4440;
32/594-SLL;25;4440;
32/595-SLL;69;4440;
32/597-SLL;53;4440;
32/598-SLL;12;4440;
32/600-SLL;26;4440;
32/601-SLL;2;4440;
32/604-SLL;7;4440;
32/605-SLL;67;4440;
32/608-SLL;66;4440;
32/609-SLL;3;4440;
32/611-SLL;20;4440;
32/613-SLL;9;4440;
32/616-SLL;16;4440;
32/617-SLL;21;4440;
32/619-SLL;7;4440;
32/620-SLL;37;4440;
32/622-SLL;2;4440;
32/623-SLL;27;4440;
15/321-SL;1;1100;
15/468-SL;1;2726;
15/485-SL;2;2726;
15/506-SL;49;2726;
15/516-SL;7;2726;
15/523-SL;12;2726;
15/551-SL;10;2726;
15/553-SL;1;2726;
15/554-SL;1;2726;
15/556-SL;1;2726;
15/558-SL;1;2726;
15/559-SL;2;2726;
15/561-SL;1;2726;
15/562-SL;1;2726;
15/563-SL;1;2726;
15/564-SL;1;2726;
15/572-SL;24;2726;
15/573-SL;82;2726;
15/580-SL;27;2726;
15/581-SL;125;2726;
15/583-SL;1;2726;
15/584-SL;3;2726;
15/585-SL;62;2726;
15/586-SL;35;2726;
15/587-SL;1;2726;
15/591-SL;1;2726;
15/624-SL;64;2726;
15/628-SL;1;2726;
15/630-SL;1;2726;
15/632-SL;21;2726;
16/019-SLL;26;3389;
16/025-SLL;3;3389;
16/030-SLL;21;3389;
16/031-SLL;24;3389;
16/591-SLL;45;3389;
16/592-SLL;70;3389;
16/593-SLL;14;3389;
16/594-SLL;23;3389;
16/595-SLL;70;3389;
16/597-SLL;47;3389;
16/598-SLL;12;3389;
16/600-SLL;24;3389;
16/604-SLL;9;3389;
16/605-SLL;64;3389;
16/608-SLL;69;3389;
16/609-SLL;5;3389;
16/613-SLL;8;3389;
16/619-SLL;10;3389;
16/620-SLL;11;3389;
16/622-SLL;1;3389;
20/001-EH;41;5405;
20/002-EH;49;5405;
20/003-EH;6;5405;
20/004-EH;19;5405;
20/006-EH;3;5405;
20/007-EH;41;5405;
20/008-EH;7;5405;
20/009-EH;59;5405;
20/010-EH;64;5405;
20/012-EH;47;5405;
20/013-EH;66;5405;
20/014-EH;44;5405;
20/017-EH;32;5405;
41/001-EH;19;7805;
41/002-EH;21;7805;
41/003-EH;2;7805;
41/004-EH;5;7805;
41/005-EH;4;7805;
41/006-EH;3;7805;
41/007-EH;8;7805;
41/008-EH;4;7805;
41/009-EH;12;7805;
41/010-EH;21;7805;
41/012-EH;12;7805;
41/013-EH;21;7805;
41/014-EH;17;7805;
41/015-EH;15;7805;
41/017-EH;19;7805;
31/001-EH;55;6576;
31/002-EH;84;6576;
31/003-EH;6;6576;
31/004-EH;9;6576;
31/005-EH;35;6576;
31/006-EH;24;6576;
31/007-EH;62;6576;
31/008-EH;27;6576;
31/009-EH;71;6576;
31/010-EH;85;6576;
31/012-EH;8;6576;
31/013-EH;88;6576;
31/014-EH;83;6576;
31/015-EH;37;6576;
31/017-EH;54;6576;
15/001-EH;8;4613;
15/002-EH;15;4613;
15/003-EH;1;4613;
15/004-EH;15;4613;
15/005-EH;8;4613;
15/006-EH;20;4613;
15/007-EH;6;4613;
15/008-EH;13;4613;
15/009-EH;19;4613;
15/010-EH;19;4613;
15/012-EH;23;4613;
15/013-EH;24;4613;
15/014-EH;25;4613;
15/015-EH;18;4613;
15/016-EH;3;4613;
15/017-EH;16;4613;
40/100-tb;271;250;
45/004-HP;1;220;
55/002-HR;1;220;
70/001-AQN;22;580;
57/15;19;510;
57/16;19;510;
57/17;11;510;
57/18;15;510;
57/19;14;510;
57/20;18;510;
57/21;20;510;
57/22;20;510;
57/1;17;510;
57/10;18;510;
57/12;19;510;
57/13;19;510;
57/2;19;510;
57/3;20;510;
57/6;18;510;
57/7;18;510;
57/8;20;510;
70/15;20;605;
70/16;18;605;
70/17;17;605;
70/18;19;605;
70/19;13;605;
70/20;18;605;
70/21;17;605;
70/22;20;605;
70/1;17;605;
70/10;19;605;
70/12;16;605;
70/13;19;605;
70/14;19;605;
70/2;20;605;
70/3;20;605;
70/6;20;605;
70/7;20;605;
70/8;19;605;
140/001-CL;1;1750;
200/001-CL;4;2200;
140/001-AQM;2;1292;
160/001-AQM;1;1452;
180/001-AQM;9;1669;
200/001-AQM;35;1962;
90/001-AQM;2;978;
172/001-DB;27;10162;
200/001-DB;9;11898;
140/001-DB;7;8385;
145/014-SD;62;5247;
175/012-SD;1;5991;
175/014-SD;71;5991;
200/011-SD;1;7009;
200/012-SD;47;7009;
200/014-SD;162;7009;
140/001-CT;1;2500;
172/001-CT;3;3300;
200/001-CT;4;3850;
175/001-EC;1;2949;
201/001-EC;3;3300;
145/001-ECn;103;2850;
175/001-ECn;42;3300;
201/001-ECn;64;3900;
172/001-LC;1;2788;
200/001-LM;1;3875;
145/001-LV;29;3538;
175/001-LV;55;3970;
200/001-LV;51;4384;
145/001-BO;1;3538;
175/001-BO;46;3970;
200/001-BO;37;4384;
145/001-SE;8;3538;
175/001-SE;29;3970;
200/001-SE;18;4384;
145/001-SW;59;1590;
175/001-SW;58;1820;
200/001-SW;63;2110;
145/001-TL;40;3538;
172/001-TN;25;3300;
175/001-TL;44;3970;
200/001-TL;48;4384;
140/001-EDS;67;2170;
172/001-EDS;30;2530;
200/001-EDS;130;3070;
140/001-ED;10;2500;
172/001-ED;11;3000;
200/001-ED;9;3850;
Pack-CLEO;3019;18;
180/001-CR;32;1583;
180/002-CR;51;1583;
180/003-CR;125;1583;
180/004-CR;78;1583;
180/005-CR;14;1583;
180/006-CR;39;1583;
180/007-CR;66;1583;
180/008-CR;80;1583;
180/009-CR;10;1583;
180/010-CR;49;1583;
180/011-CR;37;1583;
180/012-CR;72;1583;
200/001-CR;15;1873;
200/002-CR;32;1873;
200/003-CR;73;1873;
200/004-CR;77;1873;
200/005-CR;47;1873;
200/006-CR;26;1873;
200/007-CR;40;1873;
200/008-CR;71;1873;
200/009-CR;117;1873;
200/010-CR;79;1873;
200/011-CR;111;1873;
200/012-CR;25;1873;
150/001-CR;32;1343;
150/002-CR;84;1343;
150/003-CR;84;1343;
150/004-CR;88;1343;
150/005-CR;4;1343;
150/006-CR;58;1343;
150/007-CR;46;1343;
150/008-CR;73;1343;
150/009-CR;77;1343;
150/010-CR;49;1343;
150/011-CR;111;1343;
150/012-CR;24;1343;
180/001-MAR;29;1883;
180/002-MAR;101;1883;
180/003-MAR;41;1883;
180/004-MAR;40;1883;
180/005-MAR;7;1883;
180/006-MAR;39;1883;
180/007-MAR;41;1883;
200/001-MAR;20;2214;
200/002-MAR;47;2214;
200/003-MAR;26;2214;
200/004-MAR;32;2214;
200/005-MAR;3;2214;
200/007-MAR;38;2214;
150/001-MAR;27;1611;
150/002-MAR;106;1611;
150/003-MAR;25;1611;
150/004-MAR;34;1611;
150/006-MAR;6;1611;
150/007-MAR;38;1611;
180/001-OPM;14;1564;
180/008-OPM;5;1564;
180/009-OPM;1;1564;
180/011-OPM;8;1564;
180/012-OPM;4;1564;
180/014-OPM;33;1564;
180/015-OPM;12;1564;
180/016-OPM;5;1564;
180/017-OPM;29;1564;
200/001-OPM;41;1851;
200/008-OPM;62;1851;
200/011-OPM;8;1851;
200/012-OPM;1;1851;
200/014-OPM;16;1851;
200/016-OPM;54;1851;
150/001-OPM;63;1328;
150/002-OPM;12;1328;
150/003-OPM;1;1328;
150/006-OPM;2;1328;
150/007-OPM;1;1328;
150/008-OPM;61;1328;
150/009-OPM;4;1328;
150/010-OPM;2;1328;
150/011-OPM;53;1328;
150/012-OPM;14;1328;
150/014-OPM;47;1328;
150/015-OPM;31;1328;
150/016-OPM;50;1328;
150/017-OPM;48;1328;
180/002-OMB;77;1405;
180/006-OMB;69;1405;
180/007-OMB;1;1405;
180/010-OMB;150;1405;
180/011-OMB;33;1405;
180/012-OMB;34;1405;
200/001-OMB;3;1658;
200/002-OMB;74;1658;
200/003-OMB;1;1658;
200/006-OMB;9;1658;
200/007-OMB;18;1658;
200/008-OMB;8;1658;
200/009-OMB;17;1658;
200/010-OMB;34;1658;
200/011-OMB;115;1658;
200/012-OMB;9;1658;
150/001-OMB;113;1194;
150/002-OMB;60;1194;
150/003-OMB;4;1194;
150/006-OMB;141;1194;
150/007-OMB;68;1194;
150/008-OMB;46;1194;
150/009-OMB;63;1194;
150/010-OMB;84;1194;
150/011-OMB;114;1194;
150/012-OMB;112;1194;
180/003-OT;1;1564;
180/004-OT;29;1564;
180/005-OT;55;1564;
180/007-OT;34;1564;
180/008-OT;81;1564;
180/009-OT;87;1564;
180/010-OT;16;1564;
180/011-OT;30;1564;
180/012-OT;2;1564;
200/004-OT;9;1851;
200/005-OT;24;1851;
200/007-OT;1;1851;
200/008-OT;91;1851;
200/009-OT;55;1851;
200/010-OT;42;1851;
200/011-OT;35;1851;
200/012-OT;12;1851;
150/002-OT;1;1328;
150/003-OT;1;1328;
150/004-OT;33;1328;
150/005-OT;41;1328;
150/006-OT;3;1328;
150/007-OT;28;1328;
150/008-OT;85;1328;
150/009-OT;87;1328;
150/010-OT;57;1328;
150/011-OT;21;1328;
150/012-OT;15;1328;
180/001-ORS;7;1564;
180/002-ORS;20;1564;
180/003-ORS;1;1564;
180/005-ORS;7;1564;
180/006-ORS;4;1564;
180/007-ORS;45;1564;
180/010-ORS;1;1564;
180/011-ORS;1;1564;
200/001-ORS;76;1851;
200/002-ORS;92;1851;
200/003-ORS;2;1851;
200/005-ORS;1;1851;
200/006-ORS;59;1851;
200/007-ORS;34;1851;
200/008-ORS;1;1851;
200/010-ORS;1;1851;
150/001-ORS;76;1328;
150/002-ORS;86;1328;
150/003-ORS;2;1328;
150/004-ORS;1;1328;
150/006-ORS;57;1328;
150/007-ORS;102;1328;
150/008-ORS;1;1328;
150/009-ORS;1;1328;
150/010-ORS;24;1328;
150/011-ORS;3;1328;
180/002-PAL;29;1564;
180/003-PAL;31;1564;
180/004-PAL;1;1564;
180/005-PAL;46;1564;
180/006-PAL;48;1564;
180/007-PAL;1;1564;
180/008-PAL;77;1564;
180/009-PAL;56;1564;
180/011-PAL;34;1564;
180/012-PAL;60;1564;
200/002-PAL;104;1851;
200/005-PAL;9;1851;
200/006-PAL;5;1851;
200/007-PAL;78;1851;
200/008-PAL;67;1851;
200/009-PAL;66;1851;
200/010-PAL;1;1851;
200/011-PAL;23;1851;
200/012-PAL;22;1851;
150/002-PAL;120;1328;
150/003-PAL;18;1328;
150/004-PAL;4;1328;
150/005-PAL;58;1328;
150/006-PAL;62;1328;
150/007-PAL;110;1328;
150/008-PAL;96;1328;
150/009-PAL;59;1328;
150/011-PAL;51;1328;
150/012-PAL;17;1328;
180/004-PN;32;1170;
180/005-PN;2;1170;
180/007-PN;12;1170;
180/008-PN;4;1170;
180/008-PNP;5;1405;
180/009-PN;44;1170;
180/010-PN;26;1170;
180/010-PNP;37;1405;
180/011-PNP;12;1405;
180/012-PNP;1;1405;
180/013-PN;124;1170;
180/013-PNP;4;1405;
180/014-PN;1;1170;
180/014-PNP;4;1405;
180/015-PN;251;1170;
180/015-PNP;1;1405;
180/016-PN;97;1170;
180/017-PN;254;1170;
180/017-PNP;15;1405;
180/018-PN;82;1170;
180/018-PNP;2;1405;
200/005-PN;1;1371;
200/007-PN;25;1371;
200/008-PN;1;1371;
200/008-PNP;6;1658;
200/009-PN;138;1371;
200/010-PNP;17;1658;
200/011-PN;101;1371;
200/012-PNP;4;1658;
200/013-PN;160;1371;
200/013-PNP;1;1658;
200/014-PN;1;1371;
200/014-PNP;6;1658;
200/015-PN;303;1371;
200/016-PN;88;1371;
200/016-PNP;1;1658;
200/017-PN;67;1371;
200/017-PNP;3;1658;
200/018-PN;102;1371;
200/018-PNP;9;1658;
200/019-PN;3;1371;
150/005-PN;6;998;
150/007-PN;91;998;
150/007-PNP;1;1194;
150/008-PN;1;998;
150/008-PNP;3;1194;
150/009-PN;145;998;
150/010-PN;327;998;
150/010-PNP;1;1194;
150/011-PN;2;998;
150/011-PNP;7;1194;
150/012-PNP;31;1194;
150/013-PN;120;998;
150/013-PNP;2;1194;
150/014-PN;1;998;
150/014-PNP;4;1194;
150/015-PN;417;998;
150/016-PN;97;998;
150/017-PN;64;998;
150/017-PNP;16;1194;
150/018-PN;601;998;
150/018-PNP;1;1194;
150/019-PN;6;998;
180/001-RP;69;1583;
180/003-RP;19;1583;
180/003-RP/L;7;;
180/005-RP;72;1583;
180/008-RP;27;1583;
180/009-RP;24;1583;
180/013-RP;20;1583;
180/014-RP;17;1583;
180/015-RP;56;1583;
180/016-RP;12;1583;
180/017-RP;17;1583;
180/020-RP;17;1583;
200/001-RP;102;1873;
200/003-RP;13;1873;
200/004-RP;5;1873;
200/005-RP;84;1873;
200/008-RP;24;1873;
200/009-RP;18;1873;
200/013-RP;91;1873;
200/014-RP;13;1873;
200/015-RP;74;1873;
200/016-RP;49;1873;
200/017-RP;71;1873;
200/020-RP;33;1873;
150/001-RP;266;1343;
150/003-RP;13;1343;
150/003-RP/L;2;;
150/004-RP;2;1343;
150/005-RP;39;1343;
150/008-RP;31;1343;
150/009-RP;16;1343;
150/013-RP;51;1343;
150/014-RP;17;1343;
150/015-RP;47;1343;
150/015-RP/L;1;;
150/016-RP;45;1343;
150/017-RP;134;1343;
150/020-RP;50;1343;
180/002-PBN;31;1484;
180/006-PBN;96;1484;
180/007-PBN;38;1484;
180/009-PBN;27;1484;
180/011-PBN;1;1484;
180/012-PBN;1;1484;
180/013-PBN;51;1484;
180/015-PBN;100;1484;
180/016-PBN;133;1484;
180/017-PBN;119;1484;
180/018-PBN;111;1484;
180/019-PBN;98;1484;
180/020-PBN;96;1484;
180/021-PBN;72;1484;
180/022-PBN;84;1484;
200/005-PBN;1;1777;
200/006-PBN;68;1777;
200/007-PBN;137;1777;
200/009-PBN;4;1777;
200/011-PBN;14;1777;
200/013-PBN;8;1777;
200/014-PBN;2;1777;
200/015-PBN;1;1777;
200/017-PBN;75;1777;
200/018-PBN;75;1777;
200/019-PBN;81;1777;
200/020-PBN;81;1777;
200/021-PBN;6;1777;
200/022-PBN;39;1777;
150/002-PBN;141;1259;
150/005-PBN;1;1259;
150/007-PBN;38;1259;
150/009-PBN;4;1259;
150/012-PBN;1;1259;
150/013-PBN;111;1259;
150/016-PBN;120;1259;
150/017-PBN;92;1259;
150/018-PBN;81;1259;
150/019-PBN;71;1259;
150/020-PBN;87;1259;
150/021-PBN;25;1259;
150/022-PBN;40;1259;
180/111-pb;1;1374;
180/139-pb;11;1374;
180/228-pb;8;1374;
180/238-pb;62;1374;
180/239-pb;1;1374;
180/242-pb;96;1374;
180/244-pb;105;1374;
180/247-pb;31;1374;
180/248-pb;6;1374;
180/249-pb;2;1374;
180/260-pb;15;1374;
180/261-pb;19;1374;
180/263-pb;15;1374;
180/266-pb;67;1374;
180/267-pb;22;1374;
180/268-pb;16;1374;
180/270-pb;14;1374;
200/139-pb;79;1630;
200/228-pb;43;1630;
200/238-pb;67;1630;
200/239-pb;6;1630;
200/242-pb;80;1630;
200/243-pb;36;1630;
200/244-pb;98;1630;
200/247-pb;19;1630;
200/248-pb;66;1630;
200/260-pb;12;1630;
200/261-pb;19;1630;
200/263-pb;43;1630;
200/266-pb;97;1630;
200/267-pb;53;1630;
200/268-pb;19;1630;
200/270-pb;46;1630;
150/139-pb;20;1167;
150/194-pb;39;1167;
150/228-pb;14;1167;
150/236-pb;5;1167;
150/238-pb;70;1167;
150/239-pb;30;1167;
150/242-pb;110;1167;
150/244-pb;102;1167;
150/246-pb;1;1167;
150/247-pb;19;1167;
150/249-pb;1;1167;
150/260-pb;6;1167;
150/261-pb;20;1167;
150/266-pb;24;1167;
150/268-pb;14;1167;
200/125-pf;31;1658;
200/153-pf;2;1658;
200/163-pf;216;1658;
200/170-pf;80;1658;
200/172-pf;1;1658;
200/174-pf;34;1658;
200/175-pf;177;1658;
200/176-pf;2;1658;
200/180-pf;2;1658;
180/119-pf;9;1405;
180/125-pf;84;1405;
180/129-pf;1;800;
180/136-pf;9;1405;
180/142-pf;3;1405;
180/165-pf;6;1405;
180/168-pf;1;1405;
180/170-pf;61;1405;
180/171-pf;1;1405;
180/172-pf;43;1405;
180/173-pf;130;1405;
180/174-pf;93;1405;
180/175-pf;44;1405;
180/178-pf;5;1405;
180/180-pf;36;1405;
180/184-pf;66;1405;
180/187-pf;29;1405;
180/188-pf;49;1405;
150/119-pf;1;1194;
150/125-pf;74;1194;
150/134-pf;341;700;
150/136-pf;37;1194;
150/140-pf;15;1194;
150/170-pf;88;1194;
150/171-pf;11;1194;
150/172-pf;93;1194;
150/173-pf;131;1194;
150/174-pf;70;1194;
150/175-pf;123;1194;
150/180-pf;14;1194;
150/184-pf;64;1194;
150/187-pf;31;1194;
150/188-pf;44;1194;
180/002-OP;27;1564;
180/022-OP;43;1564;
180/052-OP;90;1564;
180/072-OP;26;1564;
180/082-OP;137;1564;
180/096-OP;45;1564;
180/098-OP;31;1564;
180/099-OP;2;1564;
180/118-OP;20;1564;
180/148-OP;41;1564;
180/151-OP;78;1564;
180/168-OP;90;1564;
180/169-OP;9;1564;
200/002-OP;48;1851;
200/022-OP;24;1851;
200/052-OP;123;1851;
200/062-OP;1;1851;
200/072-OP;19;1851;
200/082-OP;41;1851;
200/096-OP;40;1851;
200/098-OP;1;1851;
200/117-OP;5;1851;
200/118-OP;1;1851;
200/148-OP;7;1851;
200/151-OP;13;1851;
200/167-OP;10;1851;
200/169-OP;9;1851;
150/002-OP;6;1328;
150/022-OP;72;1328;
150/052-OP;55;1328;
150/072-OP;3;1328;
150/082-OP;81;1328;
150/096-OP;44;1328;
150/098-OP;89;1328;
150/099-OP;2;1328;
150/117-OP;1;1328;
150/118-OP;1;1328;
150/148-OP;11;1328;
150/151-OP;110;1328;
150/167-OP;1;1328;
150/168-OP;129;1328;
150/169-OP;11;1328;
180/027-pd;2;1000;
180/055-pd;4;1000;
180/057-pd;11;1000;
180/058-pd;3;1000;
200/027-pd;4;1175;
200/055-pd;12;1175;
150/049-pd;22;850;
150/054-pd;23;850;
150/055-pd;2;850;
150/056-pd;24;850;
150/057-pd;12;850;
180/001-SH;120;1000;
180/002-SH;12;1000;
180/003-SH;15;1000;
180/004-SH;98;1000;
180/012-SH;25;1000;
200/012-SH;52;1375;
150/001-SH;119;850;
150/002-SH;28;850;
150/003-SH;33;850;
150/004-SH;10;850;
150/012-SH;199;850;
30/002-PPA;1;774;
30/003-PSA;3;934;
140/01;14;1550;
140/02;12;1550;
140/03;8;1550;
140/04;7;1550;
140/06;14;1550;
140/07;15;1550;
140/08;10;1550;
140/10;15;1550;
140/12;12;1550;
140/13;14;1550;
140/14;5;1550;
140/15;12;1550;
140/16;12;1550;
140/17;12;1550;
140/18;1;1550;
140/19;2;1550;
140/20;11;1550;
140/21;14;1550;
140/22;14;1550;
172/01;13;1890;
172/02;28;1890;
172/03;10;1890;
172/04;20;1890;
172/06;14;1890;
172/07;30;1890;
172/08;10;1890;
172/10;15;1890;
172/12;15;1890;
172/13;14;1890;
172/14;13;1890;
172/15;15;1890;
172/16;15;1890;
172/17;15;1890;
172/18;7;1890;
172/19;8;1890;
172/20;15;1890;
172/21;15;1890;
172/22;15;1890;
220/13;10;2365;
220/01;6;2365;
220/02;4;2365;
220/03;5;2365;
220/04;4;2365;
220/05;3;2365;
220/06;7;2365;
220/07;11;2365;
220/08;6;2365;
220/10;6;2365;
220/11;3;2365;
220/12;5;2365;
220/14;4;2365;
220/15;5;2365;
220/16;5;2365;
220/17;5;2365;
220/18;5;2365;
220/19;5;2365;
220/20;5;2365;
220/21;16;2365;
220/22;6;2365;
50/002-SD;1;1760;
50/004-SD;1;1760;
70/004-SD;45;2192;
50/001-CT;1;1050;
50/001-EC;1;872;
50/001-ECn;237;935;
70/001-ECn;181;1185;
70/001-LC;1;1325;
50/001-LM;2;1100;
70/001-LM;2;1250;
50/001-LV;23;1675;
70/001-LV;34;1945;
50/001-BO;26;1670;
70/001-BO;14;1956;
50/001-SE;1;1675;
70/001-SE;41;1956;
50/001-SW;96;790;
70/001-SW;96;1000;
50/001-TL;1;1675;
70/001-TN;4;1500;
70/001-DS;1;4262;
50/001-DS;1;3298;
50/001-EDS;13;910;
70/001-EDS;122;1150;
50/001-EPP;255;270;
70/001-EPP;131;330;
220/001-AG;33;7864;
220/002-AG;52;7864;
220/005-AG;54;7864;
220/006-AG;55;7864;
220/007-AG;54;7864;
220/009-AG;51;7864;
240/001-AG;141;8170;
240/002-AG;121;8170;
240/005-AG;106;8170;
240/006-AG;66;8170;
240/007-AG;162;8170;
240/009-AG;70;8170;
220/030-AD;85;3713;
220/032-AD;2;3713;
220/033-AD;28;3713;
220/035-AD;12;3713;
220/036-AD;82;3713;
220/037-AD;97;3713;
220/038-AD;1;3713;
220/039-AD;53;3713;
220/040-AD;140;3713;
240/030-AD;92;4100;
240/031-AD;1;4100;
240/033-AD;61;4100;
240/035-AD;1;4100;
240/036-AD;68;4100;
240/037-AD;37;4100;
240/039-AD;40;4100;
240/040-AD;2;4100;
220/022-BM;1;4513;
240/003-BM;3;5612;
240/008-BM;3;5612;
240/010-BM;1;5612;
200/007-CN;2;3523;
160/022-LR;1;3189;
160/024-LR;18;3189;
160/030-LR;33;3189;
160/032-LR;75;3189;
160/033-LR;97;3189;
160/034-LR;84;3189;
160/035-LR;5;3904;
160/036-LR;3;3189;
160/037-LR;59;3189;
160/038-LR;10;3189;
160/039-LR;65;3189;
200/024-LR;16;3904;
200/029-LR;5;3904;
200/030-LR;28;3904;
200/032-LR;82;3904;
200/033-LR;135;3904;
200/034-LR;121;3904;
200/035-LR;32;3904;
200/036-LR;105;3904;
200/037-LR;89;3904;
200/038-LR;66;3904;
200/039-LR;97;3904;
240/030-LR;10;5198;
240/032-LR;52;5198;
240/033-LR;89;5198;
240/034-LR;69;5198;
240/036-LR;11;5198;
240/037-LR;54;5198;
240/038-LR;13;5198;
240/039-LR;58;5198;
240/013-EL;1;5233;
220/004-GL;1;3250;
150/012-GB;1;417;
150/013-GB;1;330;
220/011-LN;1;1875;
240/011-LN;15;2200;
160/001-MR;11;1147;
160/002-MR;4;1147;
160/003-MR;4;1147;
160/004-MR;1;1147;
160/006-MR;4;1147;
160/007-MR;5;1147;
180/001-MR;13;1252;
180/002-MR;4;1252;
180/003-MR;3;1252;
180/004-MR;5;1252;
180/005-MR;5;1252;
180/006-MR;3;1252;
180/007-MR;4;1252;
200/001-MR;12;1429;
200/002-MR;6;1429;
200/003-MR;1;1429;
200/004-MR;6;1429;
200/005-MR;7;1429;
200/006-MR;2;1429;
200/007-MR;5;1429;
160/046-MY;1;2705;
230/010-MY;30;5672;
230/012-MY;79;5672;
230/028-MY;35;5672;
230/030-MY;2;5672;
230/032-MY;2;5672;
230/035-MY;1;4538;
220/003-GM;1;2375;
240/017-CH;2;2200;
230/019-MT;1;5003;
230/024-MT;1;5003;
230/028-MT;77;6254;
230/031-MT;1;6254;
230/032-MT;21;6254;
230/033-MT;31;6254;
230/034-MT;17;6254;
230/035-MT;9;6254;
240/009-RA;2;2200;
180/012-SY;2;1100;
200/001-VDR;4;3442;
200/005-VDR;5;3442;
200/006-VDR;4;3442;
200/008-VDR;4;3442;
200/009-VDR;7;3442;
200/013-VDR;6;3442;
200/014-VDR;6;3442;
200/015-VDR;6;3442;
220/001-VDR;4;3906;
220/005-VDR;6;3906;
220/009-VDR;6;3906;
220/014-VDR;5;3906;
220/015-VDR;4;3906;
230/001-VEL;10;5773;
230/002-VEL;13;5773;
230/003-VEL;6;5773;
230/004-VEL;33;5773;
230/005-VEL;30;5773;
230/006-VEL;50;5773;
220/001-VR;55;8149;
220/002-VR;81;8149;
220/003-VR;90;8149;
220/004-VR;64;8149;
220/005-VR;71;8149;
220/006-VR;91;8013;
220/007-VR;82;8149;
220/008-VR;82;8149;
220/009-VR;114;8149;
240/001-VR;47;8731;
240/002-VR;92;8731;
240/003-VR;38;8731;
240/004-VR;83;8731;
240/005-VR;100;8731;
240/006-VR;119;8731;
240/007-VR;118;8731;
240/008-VR;119;8731;
240/009-VR;133;8731;
220/007-VS;20;2375;
220/008-VS;6;2375;
240/001-VS;20;2500;
240/005-VS;3;2500;
240/006-VS;1;2500;
240/007-VS;75;2500;
240/008-VS;138;2500;
240/009-VS;1;2500;
240/020-BR;5;1875;
30/003-APS;2;563;
12/01;19;980;
12/02;20;980;
12/03;20;980;
12/04;20;980;
12/06;20;980;
12/07;20;980;
12/08;20;980;
12/10;20;980;
12/11;12;980;
12/12;20;980;
12/13;29;980;
12/14;30;980;
12/15;10;980;
12/16;40;980;
12/17;8;980;
12/18;10;980;
12/19;10;980;
12/20;10;980;
12/21;30;980;
12/22;8;980;
14/01;17;1080;
14/02;20;1080;
14/03;20;1080;
14/04;18;1080;
14/06;20;1080;
14/07;30;1080;
14/08;20;1080;
14/10;20;1080;
14/12;17;1080;
14/13;40;1080;
14/14;36;1080;
14/15;10;1080;
14/16;20;1080;
14/17;8;1080;
14/18;10;1080;
14/19;10;1080;
14/20;9;1080;
14/21;10;1080;
14/22;10;1080;
16/01;16;1190;
16/02;16;1190;
16/03;17;1190;
16/04;20;1190;
16/06;14;1190;
16/07;30;1190;
16/08;19;1190;
16/10;19;1190;
16/12;20;1190;
16/13;38;1190;
16/14;20;1190;
16/15;1;1190;
16/16;14;1190;
16/17;5;1190;
16/18;6;1190;
16/19;1;1190;
16/20;7;1190;
16/21;10;1190;
16/22;6;1190;
18/01;13;1240;
18/02;18;1240;
18/03;20;1240;
18/04;19;1240;
18/06;19;1240;
18/07;30;1240;
18/08;20;1240;
18/10;20;1240;
18/12;16;1240;
18/13;38;1240;
18/14;35;1240;
18/15;10;1240;
18/16;20;1240;
18/17;5;1240;
18/18;9;1240;
18/19;7;1240;
18/20;9;1240;
18/21;9;1240;
18/22;7;1240;
20/01;15;1325;
20/02;16;1325;
20/03;19;1325;
20/04;17;1325;
20/06;20;1325;
20/07;59;1325;
20/08;20;1325;
20/10;20;1325;
20/11;23;1325;
20/12;16;1325;
20/13;28;1325;
20/14;28;1325;
20/15;10;1325;
20/16;10;1325;
20/17;10;1325;
20/18;20;1325;
20/19;10;1325;
20/20;10;1325;
20/21;13;1325;
20/22;10;1325;
9/01;19;850;
9/02;15;850;
9/03;20;850;
9/04;18;850;
9/06;29;850;
9/07;19;850;
9/08;19;850;
9/10;18;850;
9/12;18;850;
9/13;30;850;
9/14;14;850;
9/15;10;850;
9/16;9;850;
9/17;9;850;
9/18;9;850;
9/19;10;850;
9/20;10;850;
9/21;10;850;
9/22;17;850;

